text,label
Here is the invoice for last month's services as discussed.,0
Urgent: your account has been suspended. Verify your account now by clicking here.,1
"Our team completed the sprint successfully, details in the attached summary.",0
Your invoice is overdue. Click here immediately to make a payment and avoid penalty.,1
"Dear user, your mailbox is full. Click here now to increase storage before it is deleted.",1
We detected suspicious activity on your account. Act now to prevent closure.,1
Limited time offer! Verify your account to avoid permanent suspension.,1
Urgent: your account has been suspended. Verify your account now by clicking here.,1
Your refund is ready. Click here now to claim it before it expires today.,1
"The project deadline has been moved to next Friday, please plan accordingly.",0
Your account will be locked in 24 hours. Verify your identity immediately.,1
Your subscription has expired. Renew now by confirming your card details urgently.,1
We detected suspicious activity on your account. Act now to prevent closure.,1
Attached is the presentation for tomorrow's client meeting.,0
Attached is the presentation for tomorrow's client meeting.,0
Your account will be locked in 24 hours. Verify your identity immediately.,1
Looking forward to catching up over coffee next week.,0
Congratulations! You have won a prize. Click here to claim your reward now.,1
Happy birthday! Hope you have a wonderful day with family and friends.,0
Urgent: your account has been suspended. Verify your account now by clicking here.,1
We detected suspicious activity on your account. Act now to prevent closure.,1
Your subscription has expired. Renew now by confirming your card details urgently.,1
Happy birthday! Hope you have a wonderful day with family and friends.,0
"Thanks for your email, I will get back to you by end of week.",0
"Our team completed the sprint successfully, details in the attached summary.",0
The library book you requested is now available for pickup.,0
Security alert: unusual login detected. Reset your password now to secure your account.,1
Happy birthday! Hope you have a wonderful day with family and friends.,0
Congratulations! You have won a prize. Click here to claim your reward now.,1
Here is the invoice for last month's services as discussed.,0
We detected suspicious activity on your account. Act now to prevent closure.,1
Happy birthday! Hope you have a wonderful day with family and friends.,0
Can we reschedule our call to Thursday afternoon instead of Wednesday?,0
"Dear user, your mailbox is full. Click here now to increase storage before it is deleted.",1
"Dear user, your mailbox is full. Click here now to increase storage before it is deleted.",1
Action required: your payment failed. Update your billing information urgently.,1
Your refund is ready. Click here now to claim it before it expires today.,1
Your subscription has expired. Renew now by confirming your card details urgently.,1
Final notice: wire transfer required today to avoid account suspension.,1
"Thank you for subscribing to our monthly newsletter, here are this month's updates.",0
Security alert: unusual login detected. Reset your password now to secure your account.,1
Action required: your payment failed. Update your billing information urgently.,1
Urgent: your account has been suspended. Verify your account now by clicking here.,1
Alert: someone tried to access your account. Verify now to keep it safe.,1
Final notice: wire transfer required today to avoid account suspension.,1
Final notice: wire transfer required today to avoid account suspension.,1
Please find the updated resume attached for your review.,0
Your order has been shipped and will arrive within 5 business days.,0
We detected suspicious activity on your account. Act now to prevent closure.,1
Urgent: your account has been suspended. Verify your account now by clicking here.,1
"Thank you for subscribing to our monthly newsletter, here are this month's updates.",0
Congratulations! You have won a prize. Click here to claim your reward now.,1
Alert: someone tried to access your account. Verify now to keep it safe.,1
Happy birthday! Hope you have a wonderful day with family and friends.,0
Your order has been shipped and will arrive within 5 business days.,0
"Thanks for your email, I will get back to you by end of week.",0
Limited time offer! Verify your account to avoid permanent suspension.,1
The library book you requested is now available for pickup.,0
Your order has been shipped and will arrive within 5 business days.,0
Reminder: our weekly sync is scheduled for tomorrow at 10 AM.,0
Your account will be locked in 24 hours. Verify your identity immediately.,1
We detected suspicious activity on your account. Act now to prevent closure.,1
"Hi team, please find attached the meeting notes from yesterday's discussion.",0
Security alert: unusual login detected. Reset your password now to secure your account.,1
"Thanks for your email, I will get back to you by end of week.",0
Your account will be locked in 24 hours. Verify your identity immediately.,1
Your package could not be delivered. Confirm your address by clicking the link below.,1
Final notice: wire transfer required today to avoid account suspension.,1
Please review the attached report and share your feedback when convenient.,0
Security alert: unusual login detected. Reset your password now to secure your account.,1
The library book you requested is now available for pickup.,0
"The project deadline has been moved to next Friday, please plan accordingly.",0
Your order has been shipped and will arrive within 5 business days.,0
"Dear customer, we noticed unusual activity. Confirm your password immediately.",1
"Dear customer, we noticed unusual activity. Confirm your password immediately.",1
Your order has been shipped and will arrive within 5 business days.,0
Can we reschedule our call to Thursday afternoon instead of Wednesday?,0
Alert: someone tried to access your account. Verify now to keep it safe.,1
Reminder: our weekly sync is scheduled for tomorrow at 10 AM.,0
The library book you requested is now available for pickup.,0
Action required: your payment failed. Update your billing information urgently.,1
Urgent: your account has been suspended. Verify your account now by clicking here.,1
"Thank you for subscribing to our monthly newsletter, here are this month's updates.",0
Attached is the presentation for tomorrow's client meeting.,0
"Thanks for your email, I will get back to you by end of week.",0
We detected suspicious activity on your account. Act now to prevent closure.,1
Your order has been shipped and will arrive within 5 business days.,0
Action required: your payment failed. Update your billing information urgently.,1
Please find the updated resume attached for your review.,0
"Our team completed the sprint successfully, details in the attached summary.",0
Limited time offer! Verify your account to avoid permanent suspension.,1
Action required: your payment failed. Update your billing information urgently.,1
"Thank you for subscribing to our monthly newsletter, here are this month's updates.",0
Reminder: our weekly sync is scheduled for tomorrow at 10 AM.,0
Your package could not be delivered. Confirm your address by clicking the link below.,1
"Thank you for subscribing to our monthly newsletter, here are this month's updates.",0
Looking forward to catching up over coffee next week.,0
Your package could not be delivered. Confirm your address by clicking the link below.,1
Your subscription has expired. Renew now by confirming your card details urgently.,1
Please review the attached report and share your feedback when convenient.,0
Your refund is ready. Click here now to claim it before it expires today.,1
Urgent: your account has been suspended. Verify your account now by clicking here.,1
"The project deadline has been moved to next Friday, please plan accordingly.",0
Your subscription has expired. Renew now by confirming your card details urgently.,1
Your invoice is overdue. Click here immediately to make a payment and avoid penalty.,1
Here is the invoice for last month's services as discussed.,0
Security alert: unusual login detected. Reset your password now to secure your account.,1
"The project deadline has been moved to next Friday, please plan accordingly.",0
Please find the updated resume attached for your review.,0
The library book you requested is now available for pickup.,0
Can we reschedule our call to Thursday afternoon instead of Wednesday?,0
Looking forward to catching up over coffee next week.,0
Looking forward to catching up over coffee next week.,0
Happy birthday! Hope you have a wonderful day with family and friends.,0
Please review the attached report and share your feedback when convenient.,0
Your refund is ready. Click here now to claim it before it expires today.,1
"The project deadline has been moved to next Friday, please plan accordingly.",0
Please find the updated resume attached for your review.,0
Please review the attached report and share your feedback when convenient.,0
Here is the invoice for last month's services as discussed.,0
